	
超声波,原油,电脱盐,电场,脱盐,超声波探头,管道,轴线,	超声波,
超声波,油水,顺流,逆流,破乳,流经,超声波探头,乳化物,中轴线,管道式,油水管线,管道,功率,	
换能器,超声波,短节,高温,高声,特种,水声,电缆,声波,密封接头,管道,防垢器,压电式,液流,介质,轴线,支承杆,密封,引线,连接密封,电源,输出端,电连接,	高温,超声波,
锁座,座体,半圆,部位,锁芯,拳头,定位,方向盘,环框,枢接杆,凹槽,相对移动,套环,槽孔,钢珠,弧槽,止挡,汽车方向盘锁,延设固,长度,一体成型,端状,内装,弹簧,柱塞,腕部,导槽,弧度,扣块,圆状,穿经,前后移动,凹孔,窝内,藉此,套合,夹扣,锁具,无法,枢轴,自由转动,盗车,	锁座,
